First Name,Last Name,Table Number
Yasmina,Abou Jaoude,1
Nadia,Adatia,12
Safina,Adatia,1
Fehmina,Ahmed,5
Shamshad,Ahmed,5
Temur,Ahmed,16
Zahra,Ahmed,16
Kahina,Ait Ouazzou,2
Sonia,Amjad,2
Andreas,Andreou,13
Sondra Rachel Ponni,Anton,14
Natasha,Ashby,2
Michael,Babo,19
Hari,Babu,23
Shobha,Babu,23
Soraya,Badouraly,8
Mahmood,Badruddin,11
Navroz,Badruddin,11
Shivamma,Bajjegowda,25
Jayanthi,Balakrishnan,23
Leila Nassetou,Bamba,HT
Bijan,Banwait,2
Heather,Bartels,22
Patrick,Beecher,16
Kartik,Bhandari,17
Shivani,Bhatnagar,2
Adam,Blazer,3
Aashish,Chalasani,HT
Ajay,Chalasani,21
Jamuna,Chalasani,21
Annabel Leila Camille,Chammas,3
Siddharth,Chandraprakash,25
Navin,Channegowda,23
Suzannah,Chapman,17
Neesha,Chhina,14
Patrick,Cunningham,17
Abbie,Davidson,22
Michael,Davidson,22
Just Jeroen,de Waal,14
Shannon Caron,de Waal,14
Kalpana,Denzel,4
Hemalatha,Devaraj,25
Vibha,Devaraj,25
Almoonir,Dhanji,6
Karima,Dhanji,6
Mehboob Hassamali,Dhanji,9
Yasmin,Dhanji,9
Nazir,Dossa,12
Yasmin,Dossa,12
Daniel John,Dunwoodie,4
Kelsey Freesia,Dunwoodie,4
Isabelle Sophie,Dupraz,1
Omar,Farouk,1
Chloe,Ferris,22
Joey,Fitzsimmons,3
Timothy,Fleury,20
Evelina,Gabrielyants,8
Ethan,Gaudry-Gardner,2
Gabriel,Geraci,18
Cyrus,Ghanadian,16
B Cindy,Gill,7
Jayaram,Giriyappa,25
Kamakshi,Gopal,20
Ram,Gopal,20
Bhaskar,Gowda,23
Shobha,Gowda,23
Clara,Greiner,3
Giuseppe,Guerreri,18
Shitij,Gugnani,3
Riyaz,Gulamani,12
Madhuri,Gururaj,24
Nagarajan,Gururaj,24
Gulnora,Gurzhieva,8
Khanam,Hajee,11
Patricia,Halpin,20
Ahmed Osman,Hassan,8
Aliyana,Hirji,2
Altaf,Hirji,6
Nadeem,Hirji,2
Nimet,Hirji,6
Saira,Hirji,2
Julian,Hoffmann Anton,2
Taryn,Hoppe,19
Alykhan,Hudani,13
Deeama,Hudani,13
Natalie,Hussain,1
Al-Karim,Jaffer,12
Nadia,Jassar,4
Nivraj Singh,Jassar,4
Shreyas,Jayaram,25
Yashas,Jayaram,25
Ashiff,Jivraj,6
Nargis,Jivraj,6
Zayn Philip,Kalyan,18
Arya,Kantak,15
Kavita,Kantak,19
Niam,Kantak,15
Preetesh,Kantak,19
Oksana,Kapustina,17
Hassanali Kassamali,Karim,11
Aly,Karmali,6
Nayna,Karmali,6
Alnasir,Kassam,11
Mumtaz,Kassam,11
Natasha,Kassam,3
Sheila,Kaushik,14
Chaya,Keelara,15
Gopalan,Keelara,15
Rishub,Keelara,HT
Krishnamurthy,Kempagulaiah,25
Alshamsha Amyn (Judy),Khan,11
Amyn Anwar,Khan,11
Farhat Zarak,Khan,10
Zarak Jamal,Khan,10
Eric,Khanfo,7
Deeya Ramesh,Khemlani,3
Mehak,Khoja,2
Bina Raju,Kishinani,10
Krish Raju,Kishinani,1
Raju Harkishin,Kishinani,10
Naveen,Krishna,24
Suresh,Krishnamoorthy,24
Anusuya,Krishnamurthy,25
Tejashree,Krishnamurthy,25
Jyothi,Kudva,24
Tarikere,Kumar,23
Veena,Kunigal,21
Andrew David,Kwok,17
Wilson Yiu Chung,Kwon,14
Cristian,Lacayo Miselem,1
Alykhan,Lalani,9
Noorez,Lalani,13
Sue,Lalani,13
Rahim,Lalji,18
Moyez,Lallani,6
Clara,Lew,19
Michelle,Liao,14
Andrea,Lorico,22
Jack,MacPhail,2
Dhanush,Mahesh,25
Pushpa,Mahesh,25
Vishwanath,Mahesh,25
Hemang,Majeethia,1
Saloni Raju Kishinani,Majeethia,1
Fareed,Mangalji,13
Lorena,Mangalji,13
Ashak,Manji,13
Faizan,Manji,1
Imran,Manji,1
Shelina,Manji,13
Nagapushpa,Maribettaiah,25
Zabeen,Masters,5
Zahra,Masters,1
Zulf,Masters,5
Maria Elena,Mate Mugica,2
Seán,Metcalfe,16
Santosh Kumar,Mishra,8
Jeffrey,Modisett,22
Natalya,Modisett,22
Roshani Naresh,Moorjani,1
Stephanie,Morrongiello,1
Anil,Muddasani,21
Padmini,Muddasani,21
Fayeza,Mullamithawala,19
Ashley Oberer,Munro,1
Sasan,Munro,1
Tim,Muse,22
Uma,Nagabhushan,24
Venkata,Nagireddi,20
Vijaya,Nagireddi,20
Ankita,Naik,19
Sree,Narra,21
Vamsi,Narra,21
Sahinaz,Nasser,9
Arna,Naveen,24
Aryan,Naveen,24
Lakshmi,Naveen,24
Ravi,Nayak,24
Tejaswini,Nayak,24
Laila,Nimji,11
Faheem Nizar,Noorani,12
Renata,Noorani,12
Victoria Hui Lin,Ong,14
Sudha,Pai,24
Vasantha,Pai,24
Dorothy,Pang,16
Ramu,Parthasarathy,24
Savitha,Parthasarathy,24
Ajay,Patel,10
Punam,Patel,10
Julien,Picard,3
Kirubin Madurai,Pillay,14
Kala,Prakash,25
Shailaja,Pulisetty,21
Riaz,Punja,9
Quaz,Qureshi,16
Zahoor,Rahimtoola,2
Monisha,Rajashekhar,25
Tanisha,Rajashekhar,25
Niranjan,Raju,20
Surekha,Raju,20
Kavita,Ramakrishnan,24
Pradeep,Ramakrishnan,24
Harsha,Ramesh,19
Susheela,Ramesh,25
Elias,Razak,17
Natalie,Razak,17
Agara,Reddy,23
Ananda,Reddy,23
Lakshmi,Reddy,21
Srinivas,Reddy,21
Sudha,Reddy,23
Nastassia,Rüscher-Metcalfe,16
Ammaarah,Sachedina,14
Alina,Salemohamed,1
Amin,Salemohamed,12
Karim,Salemohamed,12
Omar,Salemohamed,12
Soraiya,Salemohamed,HT
Ferah,Samji,9
Munir,Samji,9
Alexa,Segal,3
Arti Popat,Shah,1
Bansi Mahendra,Shah,7
Dipak,Shah,10
Hiren Hasmukh,Shah,7
Nita Samir,Shah,10
Samir Somchand,Shah,10
Sharan,Shah,1
Shruti,Shah,10
Aezaz Mohammed Ali,Shaikh,4
Shafina Zulfikar,Shaikh,4
Danial,Shamail,14
Charitha,Shanmugha,25
Yasmin,Shariff,6
Saroj,Sharma,8
Prashanth,Shekar,24
Shoba,Shekar,24
Ryan,Singh,14
Jay,Singonahalli,19
Karl,Sohi,5
Manjunath,Sonnenhalli,25
Naj,Srinivas,19
Ted,Staley,22
Baskar,Subbarao,24
Shubha,Subbarao,24
Balamohan,Subramaniam,5
Andrea,Sumaria,18
Jennifer Sutton,Sumaria,17
Keyu Samir,Sumaria,1
Romi,Sumaria,18
Shonil Samir,Sumaria,17
Dilipan,Sundaramoorthy,3
Padmaja,Suresh,24
Puneet,Tandon,7
Shafali,Tandon,7
Michel,Tang,11
Amiya,Tanguturi,15
Ellora,Tanguturi,15
Kusuma,Tanguturi,15
Satyanarayana,Tanguturi,15
Shyam,Tanguturi,15
Siyona,Tanguturi,15
Varsha,Tanguturi,15
Alnoor,Tarmohamed,8
Iqbal,Tarmohamed,9
Susan,Tarmohamed,9
Aamir,Tayeb,1
Samina,Tayeb,5
Sanaya,Tayeb,1
Taher,Tayeb,5
Sunanda,Thammaiah,25
Theo,Theodoulou,13
Gunavathi,Thimmaiah,25
Mamatha,Thimmaiah,25
Ramesh,Thimmaiah,25
Davina,Tijani,2
Humza,Turab,2
Freddie,Twist,1
Idy,Udo,2
Daniela,Uribe,18
Khatidja,Vaiya,14
Zainul,Vaiya,11
Karim,Valimohamed,11
Brent,Vandekerckhove,4
Anupa,Venkatesh,24
Ramakrishna,Venkatesh,24
Alyssa,Virani,18
Karim,Virani,7
Monica,Virani,7
Natasha,Virani,18
Zulfikarali,Virani,9
Sunny,Vohra,5
Daria,Volevskaia,8
Naeem,Walji,18
Gwen,Webster,14
Hunter,Weiss,22
Dale,Williams,16
Wanda Waimun,Wong,11
Sarah,Wyndels,4
Dorukcan,Yolacan,14
Yenny,You,17
Rexhep,Zebi,7
Zyra,Zebi,7
Tim,Zha,16
Melih,Yurtoren,8
Hannah,Yurtoren,8
